{
    "start_acc": 0.633112582781457,
    "end_acc": 0.6642384105960265,
    "span_acc": 0.5449385052034059,
    "em": 0.6718070009460738,
    "f1": 0.7677194815048348,
    "loss": 2.5157870823482296
}