{
    "start_acc": 0.5815515610217596,
    "end_acc": 0.6301797540208136,
    "span_acc": 0.4990539262062441,
    "em": 0.6241248817407757,
    "f1": 0.726721161754501,
    "loss": 2.828521644394353
}