{
    "start_acc": 0.6597918637653737,
    "end_acc": 0.6949858088930937,
    "span_acc": 0.5705771050141911,
    "em": 0.7110690633869442,
    "f1": 0.8031110239724333,
    "loss": 2.211635298998851
}