{
    "start_acc": 0.6368968779564806,
    "end_acc": 0.669441816461684,
    "span_acc": 0.5512771996215705,
    "em": 0.6771996215704825,
    "f1": 0.7716554338206316,
    "loss": 2.6496520681201288
}